ROW_NO,機構代碼,機構層級,機構名稱,機構電話,機構地址,緯度,經度,給藥,衛教,district
1,0101090517,區域醫院,臺北市立聯合醫院和平婦幼院區[和平],02-25553000,臺北市中正區中華路2段33號、35號、福州街12號、福州街10巷7號,25.0353943,121.5071105,V,V,中正區
2,0401180014,醫學中心,國立臺灣大學醫學院附設醫院,02-23123456#62147,臺北市中正區中山南路7、8號；常德街1號,25.0402741,121.5191591,V,V,中正區
3,3501181918,診所,丞泰耳鼻喉科診所,02-23973668,臺北市中正區南昌路1段78號,25.03194,121.5168,V,V,中正區
4,3501183547,診所,怡和診所,02-23625100,臺北市中正區汀州路2段212號,25.0223714,121.5237044,V,V,中正區
5,3501183850,診所,健康101診所,02-23645143,臺北市中正區牯嶺街97號1樓,25.0258949,121.5190675,V,V,中正區
6,3501185425,診所,宜康診所,02-23417696,臺北市中正區新生南路一段148號,25.0353194,121.5323364,V,,中正區
7,5901184777,藥局,專品公園藥局,02-23142388,臺北市中正區公園路32號1樓,25.0441018,121.5166958,V,V,中正區
8,5901184857,藥局,專品南昌藥局,02-23560296,臺北市中正區龍福里南昌路1段66號1樓,25.03194,121.5168,V,V,中正區
9,5901184919,藥局,和平藥局,02-23755303,臺北市中正區中華路２段４３號１樓,25.0350587,121.5064153,V,V,中正區
10,0101090517,區域醫院,臺北市立聯合醫院中興院區,02-25553000,臺北市大同區鄭州路145號,25.0513086,121.5087132,V,V,大同區
11,3501090458,診所,施小兒科診所,02-25941935,臺北市大同區重慶北路3段28號,25.0651103,121.5134393,V,V,大同區
12,3501091508,診所,包眼科診所,02-25537526,臺北市大同區保安街54－1號,25.059027,121.51265,V,V,大同區
13,3501092890,診所,建成診所,02-25500712,臺北市大同區長安西路82號,25.0502735,121.5191533,V,,大同區
14,3501093011,診所,廣博診所,02-25594775,臺北市大同區長安西路220巷5號,25.0511838,121.5147065,V,,大同區
15,3501093057,診所,中華民國防癆協會第一胸腔病防治所,02-25577221,臺北市大同區民權西路104號2樓,25.0627445,121.5176086,V,V,大同區
16,3501093584,診所,建順診所,02-25573250,臺北市大同區甘州街51號,25.0596329,121.5128815,V,V,大同區
17,3501093913,診所,寧夏診所,02-25586060,臺北市大同區民生西路236號,25.0569008,121.5144381,V,V,大同區
18,5901091688,藥局,宏泰藥師藥局,02-25957025,臺北市大同區酒泉街123號1樓,25.072144,121.5146964,V,V,大同區
19,0101090517,區域醫院,臺北市立聯合醫院林森中醫昆明院區,02-25553000,臺北市中山區林森北路530號（原昆明院區地址：萬華區昆明街100號）,25.0635091,121.5254499,V,V,中山區
20,1101100011,醫學中心,台灣基督長老教會馬偕醫療財團法人馬偕紀念醫院,02-25433535,臺北市中山區中山北路2段92號,25.0588457,121.5223977,V,V,中山區
21,3501100217,診所,陳炯輝診所,02-25221796,臺北市中山區民生東路2段103號,25.0576301,121.537442,V,V,中山區
22,3501101849,診所,北安聯合診所,02-25337777,臺北市中山區北安路569之1號2樓．之2、3、4號1、2樓,25.0808774,121.5482792,V,V,中山區
23,3501103272,診所,大直診所,02-25332339,臺北市中山區北安路595巷2弄2號（1樓及地下層）及6號,25.0819988,121.5483172,V,V,中山區
24,3501105310,診所,高固?診所,02-25323036,臺北市中山區北安路613號及595巷1號地下1層,25.082687,121.548768,V,V,中山區
25,3501106559,診所,杏慈診所,02-25013109,臺北市中山區民權東路2段152巷2之1號,25.0624357,121.5279803,V,V,中山區
26,3501107369,診所,晴光診所,02-25853210,臺北市中山區林森北路556號,25.0642894,121.5254986,V,V,中山區
27,3501107574,診所,榮星診所,02-25168112,臺北市中山區龍江路272號及274號,25.0606048,121.5406268,V,V,中山區
28,3501107645,診所,惟?診所,02-25323038,臺北市中山區北安路595巷1號地下一層,25.0823024,121.5485852,V,V,中山區
29,3501107725,診所,大直佳恩診所,02-25323301,臺北市中山區北安路591號,25.081959,121.548607,V,V,中山區
30,3501108366,診所,上直診所,02-85091776,臺北市中山區北安路458巷41弄49號,25.0793717,121.5464641,V,,中山區
31,350110A566,診所,晨昕診所,02-25181268,臺北市中山區復興北路350號3樓,25.0600615,121.5439346,V,V,中山區
32,3701105449,牙科診所,康卓牙醫診所,02-27318331,臺北市中山區朱崙街56號,25.0497853,121.5431239,V,V,中山區
33,5901102828,藥局,逸帆藥局,02-25222323,臺北市中山區錦州街189號,25.0604191,121.5312705,V,V,中山區
34,5901103272,藥局,長安藥局,02-27772740,臺北市中山區長安東路2段171之2號(1樓),25.049564,121.521914,V,V,中山區
35,5901103585,藥局,禾全藥局,02-25165721,臺北市中山區龍江路332號,25.0653076,121.5408398,V,V,中山區
36,5901103807,藥局,專品龍江藥局,02-25178870,臺北市中山區龍江路311號1樓,25.0613349,121.5408715,V,V,中山區
37,5901103834,藥局,弘元中西藥局,02-25185688,臺北市中山區長安東路二段６４號１樓,25.0483331,121.5334627,V,V,中山區
38,5901104082,藥局,滿順藥局,02-25075283,臺北市中山區伊通街５４號１樓,25.0514481,121.5346392,V,V,中山區
39,0501010019,區域醫院,三軍總醫院松山分院附設民眾診療服務處,02-27642151#671718,臺北市松山區健康路131號,25.0544026,121.5576579,V,V,松山區
40,1101010012,醫學中心,長庚醫療財團法人台北長庚紀念醫院,02-27135211,臺北市松山區敦化北路199號,25.0556512,121.5493054,V,V,松山區
41,1101010021,區域醫院,基督復臨安息日會醫療財團法人臺安醫院,02-27718151,臺北市松山區八德路2段424、426號,25.0476829,121.5474831,V,V,松山區
42,1501010010,地區醫院,博仁綜合醫院,02-25786677,臺北市松山區光復北路66、68號,25.0499703,121.5575603,V,,松山區
43,3501011493,診所,車參薇小兒科診所,02-25770101,臺北市松山區八德路3段195號1樓,25.0481627,121.5561799,V,V,松山區
44,3501013059,診所,親親家庭診所,02-25283232,臺北市松山區南京東路5段347號,25.0518277,121.5574266,V,V,松山區
45,3501014476,診所,鈞賀診所,02-27601181,臺北市松山區富錦街462號,25.0607013,121.5624036,V,V,松山區
46,5901012570,藥局,予志藥局,02-27623522,臺北市松山區富錦街521號,25.0611382,121.5648949,V,V,松山區
47,5901013942,藥局,專品南京藥局,02-25147685,臺北市松山區南京東路4段73號,25.0513931,121.5546859,V,V,松山區
48,0101090517,區域醫院,臺北市立聯合醫院仁愛院區,02-25553000,臺北市大安區仁愛路四段10號,25.037298,121.5453853,V,V,大安區
49,1101020018,醫學中心,國泰醫療財團法人國泰綜合醫院,02-27082121,臺北市大安區仁愛路4段280號，266巷6號,25.0364269,121.5547681,V,V,大安區
50,1101020036,地區醫院,宏恩醫療財團法人宏恩綜合醫院,02-27713161,臺北市大安區仁愛路4段71巷1號及4段61號、91巷16號,25.038404,121.546923,V,V,大安區
51,3501021391,診所,全家聯合診所,02-27067575,臺北市大安區和平東路2段353號,25.0267596,121.5229719,V,V,大安區
52,3501021579,診所,沈德昌診所,02-27035300,臺北市大安區四維路189號,25.0276142,121.5481151,V,V,大安區
53,3501022496,診所,仁安診所,02-27065995,臺北市大安區和平東路2段175巷34號1樓,25.0267596,121.5229719,V,V,大安區
54,3501026225,診所,張國麟耳鼻喉科診所,02-27338386,臺北市大安區和平東路3段147號1樓,25.02644,121.5332197,V,V,大安區
55,3501027884,診所,安吉耳鼻喉科診所,02-27385008,臺北市大安區和平東路3段226號,25.02644,121.5332197,V,V,大安區
56,3501028210,診所,博安家庭醫學科診所,02-23567066,臺北市大安區麗水街3號,25.0324319,121.5291,V,V,大安區
57,3501029931,診所,松德診所,02-27073326,臺北市大安區四維路170巷16號,25.0281223,121.5473509,V,V,大安區
58,350102A107,診所,夏爾診所,02-23255508,臺北市大安區信義路4段265巷52號、54號,25.0349807,121.5555517,V,V,大安區
59,350102E445,診所,安民家庭醫學科診所,02-27218556,臺北市大安區大安路1段65號2樓之1,25.0005655,121.4252204,V,V,大安區
60,350102I587,診所,瑞森診所,02-27076002,臺北市大安區信義路３段１３４巷１００號１樓,25.0289387,121.5389713,V,V,大安區
61,3701020790,牙科診所,愛育牙醫診所,02-27059704,臺北市大安區復興南路2段193巷7號,25.0265777,121.5440143,V,V,大安區
62,4001020028,診所,尹書田醫療財團法人書田泌尿科眼科診所,02-23690211,臺北市大安區建國南路2段276號1樓、278號1樓,25.0252194,121.5371884,V,,大安區
63,5901023591,藥局,一心藥局,02-27321818,臺北市大安區和平東路3段238號,25.02644,121.5332197,V,V,大安區
64,5901024490,藥局,明星大藥局,02-27023747,臺北市大安區光復南路430之1號,25.0361843,121.5573747,V,V,大安區
65,5901024696,藥局,仁華藥局,02-27336762,臺北市大安區臥龍街155號,25.0183224,121.5510912,V,V,大安區
66,0401190010,地區醫院,國立臺灣大學醫學院附設醫院北護分院,02-23717101,臺北市萬華區康定路37號、臺北市萬華區內江街87號,25.0421534,121.5026284,V,V,萬華區
67,0901190010,地區醫院,西園醫療社團法人西園醫院,02-23076968,臺北市萬華區西園路2段266∼274號、185、187號,25.0392644,121.4999928,V,V,萬華區
68,1401190039,地區醫院,同仁院醫療財團法人萬華醫院,02-23059292,臺北市萬華區中華路2段606巷6號,25.0240418,121.5097291,V,V,萬華區
69,3501192251,診所,漢宗小兒科診所,02-23039022,臺北市萬華區中華路2段434號,25.027104,121.5064733,V,V,萬華區
70,3501192733,診所,天行健診所,02-23320688,臺北市萬華區寶興街121、125、127號,25.0252388,121.4948057,V,V,萬華區
71,3501194451,診所,青年診所,02-23032450,臺北市萬華區中華路2段424號,25.0275478,121.506136,V,,萬華區
72,3501195270,診所,萬華衛康內科診所,02-23092807,臺北市萬華區萬大路217號,25.0268131,121.5006228,V,V,萬華區
73,3501195289,診所,艋舺通安診所,02-23089862,臺北市萬華區環河南路2段242號、242之1號,25.0333579,121.492215,V,,萬華區
74,3501195690,診所,瑞生診所,02-23012788,臺北市萬華區西園路2段250號、250號2樓、250號3樓、,25.0392644,121.4999928,V,V,萬華區
75,5901190024,藥局,長泰藥局,02-23012869,臺北市萬華區西園路2段280號,25.0392644,121.4999928,V,V,萬華區
76,5901192180,藥局,康之友藥局,02-23011598,臺北市萬華區青年路20號,25.0259976,121.5055311,V,V,萬華區
77,5901192822,藥局,專品藥局,02-23718892,臺北市萬華區長沙街2段71－1號,25.040631,121.505155,V,V,萬華區
78,5901193123,藥局,千誠北護藥局,02-23123530,臺北市萬華區內江街114號,25.0415253,121.5034072,V,V,萬華區
79,5901193249,藥局,光華藥局,02-23613609,臺北市萬華區華西街19－5號,25.0389165,121.4985756,V,V,萬華區
80,0101090517,區域醫院,臺北市立聯合醫院松德院區,02-25553000,臺北市信義區松德路309號、中正區金山南路一段5號1、2樓,25.0292132,121.5745193,V,V,信義區
81,1301170017,區域醫院,臺北醫學大學附設醫院,02-27372181,臺北市信義區吳興街252號、250號,25.0269555,121.563012,V,V,信義區
82,3401171107,診所,聯合報系員工診療所,02-27681234,臺北市信義區忠孝東路4段559巷1號6樓,25.0414432,121.5441092,V,V,信義區
83,3401171170,診所,台灣中油股份有限公司員工診所,02-87259752,臺北市信義區松仁路3號（實際營業地址：3樓）,25.0397678,121.5689627,V,V,信義區
84,3501170237,診所,信義邱婦產科診所,02-27278275,臺北市信義區虎林街198號,25.0383995,121.5768198,V,,信義區
85,3501170255,診所,朱耳鼻喉科診所,02-27209172,臺北市信義區忠孝東路5段452號,25.0406521,121.5652968,V,V,信義區
86,3501172893,診所,姚醫師診所,02-87898822,臺北市信義區忠孝東路5段396號2樓,25.0406521,121.5652968,V,V,信義區
87,3501173032,診所,陽光耳鼻喉科診所,02-27279529,臺北市信義區松山路484之8號,25.0387369,121.5778733,V,,信義區
88,3501173569,診所,信義耳鼻喉科診所,02-23450288,臺北市信義區莊敬路391巷4號,25.0279508,121.5657691,V,V,信義區
89,3501173783,診所,俊安診所,02-27605757,臺北市信義區永吉路30巷148弄6號,25.042693,121.5684012,V,,信義區
90,3501174593,診所,理恩診所,02-87899728,臺北市信義區忠孝東路5段410之2號,25.0406521,121.5652968,V,V,信義區
91,5901170406,藥局,鼎泰藥局,02-27620617,臺北市信義區基隆路1段155號1樓,25.0419415,121.5653136,V,V,信義區
92,5901170915,藥局,杏仁藥局,02-27262541,臺北市信義區大道路135號,25.0390744,121.5833621,V,V,信義區
93,5901172240,藥局,德康大藥局,02-27272502,臺北市信義區松山路541巷21號,25.0379033,121.5789528,V,V,信義區
94,5901172839,藥局,九州藥局,02-87323331,臺北市信義區和平東路3段239號,24.9747451,121.4427991,V,V,信義區
95,5901173238,藥局,正和藥局,02-23455186,臺北市信義區吳興街225巷6號,25.0278115,121.5635313,V,V,信義區
96,5901173710,藥局,專品光復藥局,02-27586682,臺北市信義區光復南路467之1號,25.0337952,121.5576705,V,V,信義區
97,5901174235,藥局,柏愛藥局,02-27325472,臺北市信義區基隆路二段131-20號,25.0275099,121.5564231,V,V,信義區
98,0101090517,區域醫院,臺北市立聯合醫院陽明院區,02-25553000,臺北市士林區雨聲街105號、臺北市士林區中正路439號1樓,25.1051369,121.5318912,V,V,士林區
99,1101150011,醫學中心,新光醫療財團法人新光吳火獅紀念醫院,02-28389477,臺北市士林區文昌路95號及士商路51號1至7樓53、55號,25.0910358,121.5200947,V,V,士林區
100,3501150422,診所,存德小兒科診所,02-28342567,臺北市士林區文林路460號,25.0956489,121.5246179,V,,士林區
101,3501150575,診所,鄭醫師診所,02-28127412,臺北市士林區延平北路5段120號1、2樓,25.0816779,121.5105893,V,V,士林區
102,3501151018,診所,林博通醫師診所,02-28851148,臺北市士林區通河街60號1樓,25.0806319,121.5210112,V,,士林區
103,3501151438,診所,德福診所,02-28811982,臺北市士林區大東路77號,25.0906847,121.5254818,V,V,士林區
104,3501151849,診所,忠誠聯合診所,02-88661176,臺北市士林區忠誠路2段50巷35號,25.110809,121.5290786,V,V,士林區
105,3501154420,診所,榮清耳鼻喉科診所,02-28316878,臺北市士林區文林路483號（1樓）,25.096134,121.5242199,V,,士林區
106,3501154724,診所,心築身心診所,02-28856572,臺北市士林區劍潭路28號1樓、30號1樓,25.0836545,121.5225107,V,V,士林區
107,3501154733,診所,士林身心醫學診所,02-28812205,臺北市士林區文林路410號,25.0940498,121.5250071,V,V,士林區
108,3501155007,診所,士林欣然耳鼻喉科診所,02-28386090,臺北市士林區文林路４５０號,25.0954216,121.5246379,V,V,士林區
109,3501155098,診所,政吉診所,02-28748318,臺北市士林區士東路６７號１樓,25.1121112,121.5281187,V,V,士林區
110,5901150244,藥局,佳赫藥局,02-28367202,臺北市士林區文昌路62號,25.0960319,121.521386,V,V,士林區
111,5901152293,藥局,安泰藥師藥局,02-28166977,臺北市士林區延平北路六段83號（實際使用：1、2樓）,25.0884662,121.5087034,V,V,士林區
112,5901153245,藥局,大東健保藥局,02-28834672,臺北市士林區大東路86－4號,25.0912987,121.5256894,V,V,士林區
113,5901154162,藥局,慈航藥局,02-28813168,臺北市士林區文林路441號,25.0948515,121.5245433,V,V,士林區
114,5901154331,藥局,天養藥局,02-28387466,臺北市士林區蘭雅里中山北路六段262號1樓,25.1095897,121.5255863,V,V,士林區
115,5901154466,藥局,大田大藥局,02-28326112,臺北市士林區德行東路１３３號１樓,25.108045,121.5289649,V,V,士林區
116,0501160014,區域醫院,三軍總醫院北投分院附設民眾診療服務處,02-28935865,臺北市北投區新民路60號中和街250號,25.1417699,121.4990213,V,V,北投區
117,0601160016,醫學中心,臺北榮民總醫院,02-28712121,臺北市北投區石牌路2段201號,25.1208483,121.5227627,V,V,北投區
118,0701160518,地區醫院,臺北市立關渡醫院－委託臺北榮民總醫院經營,02-28587000,臺北市北投區知行路225巷12號,25.1206037,121.4661496,V,V,北投區
119,1101160017,區域醫院,振興醫療財團法人振興醫院,02-28264400,臺北市北投區振興街45號,25.1161524,121.5223697,V,V,北投區
120,1101160026,區域醫院,醫療財團法人辜公亮基金會和信治癌中心醫院,02-28970011ext3912,臺北市北投區立德路125號,25.1283213,121.4719334,V,V,北投區
121,2101161033,診所,臺北市立聯合醫院附設北投門診部,02-28912670,臺北市北投區新市街30號5樓,25.1328136,121.5026592,V,V,北投區
122,3501160231,診所,洪耳鼻喉科診所,02-28928769,臺北市北投區中央南路1段43號,25.1322055,121.501369,V,V,北投區
123,3501160982,診所,清田婦產科家醫科診所,02-28931323,臺北市北投區中和街268號,25.140165,121.500704,V,V,北投區
124,3501160991,診所,張參雄診所,02-28926555,臺北市北投區光明路166號、166－1號1．2．3樓,25.1349966,121.5026846,V,V,北投區
125,3501162502,診所,惠康診所,02-28283964,臺北市北投區西安街2段113號,25.118302,121.5124909,V,V,北投區
126,3501162664,診所,王永良診所,02-28227287,臺北市北投區自強街94號,25.1106479,121.5150064,V,V,北投區
127,3501162682,診所,張晉豪診所,02-28913820,臺北市北投區中央南路1段155號,25.1322055,121.501369,V,,北投區
128,3501162879,診所,陳珀勳診所,02-28206263,台北市北投區明德路75號1樓,25.1086433,121.5185399,V,V,北投區
129,3501163036,診所,黃正宏診所,02-28217076,臺北市北投區西安街1段359號,25.1118929,121.516844,V,V,北投區
130,3501163312,診所,台北欣安耳鼻喉科診所,02-28210501,臺北市北投區石牌路1段152號,25.1133685,121.510814,V,V,北投區
131,3501163410,診所,石牌鄭身心醫學診所,02-28227660,臺北市北投區石牌路1段69號（實際地址：1、2樓）,25.1133685,121.510814,V,V,北投區
132,3501163509,診所,常哲診所,02-28285515,臺北市北投區明德路157－4號（實際使用：1樓）,25.111184,121.520832,V,V,北投區
133,3701161054,牙科診所,微美牙醫診所,02-28209122,臺北市北投區實踐街38號,25.115102,121.5088642,V,V,北投區
134,5901160197,藥局,川秀藥局,02-28279996,臺北市北投區石牌路2段99巷9號1樓,25.1179214,121.516637,V,V,北投區
135,5901162119,藥局,祐鄰藥局,02-28281232,臺北市北投區尊賢街250號,25.117068,121.5072987,V,V,北投區
136,5901163107,藥局,小豬藥局,02-28217099,臺北市北投區東陽街403號1樓,25.1124743,121.5176331,V,V,北投區
137,5901163330,藥局,萬信藥局,02-28583083,臺北市北投區知行路305號（實際使用1樓）,25.1221769,121.467166,V,V,北投區
138,5901163849,藥局,赫爾振華藥局,02-28233730,臺北市北投區振華街３４號１樓,25.1158741,121.5186157,V,V,北投區
139,0501110514,醫學中心,三軍總醫院附設民眾診療服務處,02-87923311,臺北市內湖區成功路2段325號,25.0733691,121.5959272,V,V,內湖區
140,1101110026,地區醫院,康寧醫療財團法人康寧醫院,02-26345500,臺北市內湖區成功路5段420巷26號,25.0756867,121.608877,V,V,內湖區
141,1301110511,地區醫院,中國醫藥大學附設醫院臺北分院,02-27919696,臺北市內湖區內湖路2段360號,25.082146,121.5907328,V,V,內湖區
142,3501110080,診所,陳森豊診所,02-27990361,臺北市內湖區環山路1段2號1樓及2樓,25.0826644,121.5656931,V,V,內湖區
143,3501110311,診所,徐醫師診所,02-26336616,臺北市內湖區東湖路53號,25.0688903,121.6145569,V,V,內湖區
144,3501110455,診所,東湖張耳鼻喉科診所,02-26331864,臺北市內湖區康寧路3段169號,25.0702999,121.611709,V,V,內湖區
145,3501110571,診所,劉淦華診所,02-27905374,臺北市內湖區金龍路43號1樓,25.0848929,121.5938985,V,V,內湖區
146,3501110982,診所,馬思特診所,02-27925994,臺北市內湖區成功路4段53號1樓,25.0816562,121.5921514,V,V,內湖區
147,3501112851,診所,日新診所,02-26342743,臺北市內湖區成功路5段446號1樓,25.0747932,121.6072004,V,V,內湖區
148,3501113134,診所,焉醫師診所,02-27995008,臺北市內湖區內湖路2段21號,25.0788586,121.5795351,V,V,內湖區
149,3501113330,診所,仁弘耳鼻喉科診所,02-26596360,臺北市內湖區內湖路1段737巷50弄37號,25.0808251,121.5790082,V,,內湖區
150,3501113849,診所,育睿診所,02-26560801,臺北市內湖區內湖路1段217巷35號,25.0823089,121.5683655,V,,內湖區
151,3501114042,診所,新明診所,02-87921282,臺北市內湖區新明路386號,25.0548379,121.5803312,V,V,內湖區
152,4001110018,診所,國泰醫療財團法人內湖國泰診所,02-87972121,臺北市內湖區瑞光路337號（1、2、3、4樓）,25.0778823,121.5754083,V,V,內湖區
153,5901110339,藥局,富山藥局,02-27996446,臺北市內湖區麗山街364巷2號1樓,25.081684,121.5728775,V,V,內湖區
154,5901113312,藥局,江南大藥局,02-26595430,臺北市內湖區文德路22巷9弄56號,25.0766503,121.5791187,V,V,內湖區
155,5901113349,藥局,澴山藥局,02-87978793,臺北市內湖區環山路1段4號,25.0826644,121.5656931,V,V,內湖區
156,5901113849,藥局,佳德健保藥局,02-26315910,臺北市內湖區康寧路3段151號1樓,25.0706158,121.6116214,V,V,內湖區
157,0101090517,區域醫院,臺北市立聯合醫院忠孝院區,02-25553000,臺北市南港區同德路87號、南港區園區街3之2號2樓,25.0465997,121.5861422,V,V,南港區
158,3501121814,診所,李文珍小兒科診所,02-26511871,臺北市南港區研究院路2段74號,25.0455491,121.6151031,V,V,南港區
159,3501121823,診所,天仁健康診所,02-27862687,臺北市南港區成福路21號,25.0448163,121.5867293,V,V,南港區
160,3701120106,牙科診所,南港牙醫診所,02-27829777,臺北市南港區研究院路1段11號,25.0371939,121.6172089,V,,南港區
161,5901121421,藥局,祥安藥局,02-26547322,臺北市南港區中坡南路25號,25.0433332,121.5831588,V,V,南港區
162,5901121850,藥局,健涵藥局,02-27837285,臺北市南港區舊莊街1段147號,25.0370335,121.6240441,V,V,南港區
163,1301200010,醫學中心,臺北市立萬芳醫院-委託臺北醫學大學辦理,02-29307930,臺北市文山區興隆路3段111號,25.0004801,121.5584967,V,V,文山區
164,1501201020,地區醫院,景美醫院,02-29331010,臺北市文山區羅斯福路6段280號及文山區育英街18巷2號1樓,24.9912182,121.5398994,V,V,文山區
165,3501200249,診所,仁耀診所,02-29317788,臺北市文山區興隆路1段273號1樓,24.999017,121.5453128,V,,文山區
166,3501201004,診所,洪佑承小兒專科診所,02-29364708,臺北市文山區興隆路4段64之2號,24.9850885,121.5613216,V,V,文山區
167,3501202798,診所,定安診所,02-29323755,臺北市文山區景興路165號,24.9933198,121.5446382,V,V,文山區
168,3501202967,診所,東翰診所,02-29308330,臺北市文山區興隆路2段139號,25.000224,121.548169,V,,文山區
169,3501203357,診所,大豐耳鼻喉科診所,02-29371299,臺北市文山區木新路3段220號,24.9815282,121.5594179,V,,文山區
170,3501203455,診所,佳鴻診所,02-29333096,臺北市文山區景美里羅斯福路六段256號1樓,24.9918649,121.540178,V,V,文山區
171,5901201540,藥局,逸仙藥師藥局,02-29312597,臺北市文山區興隆路2段218－1號1樓,25.0014259,121.5525152,V,V,文山區
172,5901202949,藥局,萬隆大藥局,02-29334580,臺北市文山區羅斯福路5段218巷15號,25.0020175,121.5379466,V,V,文山區
173,5901203697,藥局,專品政大藥局,02-22343010,臺北市文山區指南路2段8號,24.9878431,121.5742196,V,V,文山區
